EssayText,Extraction,PredScore,GoldScore,ScorerRaw,Feedback
"The author organizes the article by starting out the introduction with something that grabs the readers attention. By then identifying the flying object in the sky as 'a...tool bag,' it makes the reader want to read the article. The author goes on by explaining what the meaning of 'space junk' is and how it gets there followed by what happen to satellites when they 'die.' The author finishes his/her article by notifying the reader that space junk is a big deal and is 'increasing because commercial space travel is on the rise and more nations  have undertaken  space exploration.'","{""conclusions"": [], ""design_improvements"": [], ""validity_improvements"": [], ""valid_conclusion"": false, ""design_count"": 0, ""validity_count"": 0}",1,2,"{""score"": 1, ""reasoning"": ""The student response identifies some organizational elements of the article, such as starting with an attention-grabbing introduction and explaining the concept of space junk. However, the response lacks specific details about the structure of the article, such as the use of transitional phrases or the division into sections like 'What Is Space Junk?' and 'Crash Course.' The response also does not fully explain how these elements contribute to the overall organization of the article.""}",
The author organizes the article by using bold headings to catch readers attention.,"{""conclusions"": [], ""design_improvements"": [], ""validity_improvements"": [], ""valid_conclusion"": false, ""design_count"": 0, ""validity_count"": 0}",0,1,"{""score"": 0, ""reasoning"": ""The student response does not fulfill the requirements of the task because it contains incomplete and unsupported information. The organization strategy is mentioned, but it lacks relevant, specific, and clearly connected details to support the identified organization.""}",
The author first catches your attention with the introduction. The author then explains how space junk is formed and next why it poses a problem in space. The last passage explains the seriousness of the space junk in order to drive the point home.,"{""conclusions"": [], ""design_improvements"": [], ""validity_improvements"": [], ""valid_conclusion"": false, ""design_count"": 0, ""validity_count"": 0}",1,1,"{""score"": 1, ""reasoning"": ""The student response identifies a basic structure of the article, including an introduction, explanation of space junk formation, and discussion of its problems. However, the description of the organization strategy is vague and lacks specific details from the article to support the claim. The response demonstrates a partial understanding of the passage structure.""}",
"The author organizes this article by importance. First he grabs the attention of the reader and then leads into background detail about space junk. The author then provides a paragraph that explains the dangers of satellites. Lastly, the author ties it all up and explains that there are many people who care about a serious problem.","{""conclusions"": [], ""design_improvements"": [], ""validity_improvements"": [], ""valid_conclusion"": false, ""design_count"": 0, ""validity_count"": 0}",1,1,"{""score"": 1, ""reasoning"": ""The student response attempts to identify the organization strategy of the article, stating that it is organized by importance. However, the explanation is vague and lacks specific details from the article to support this claim. The response mentions that the author grabs the reader's attention, provides background details, explains the dangers of satellites, and ties everything up, but these points are not clearly connected to the organization strategy. The response demonstrates some understanding of the passage structure but lacks strong support and specific examples, earning a score of 1 (Partially Proficient).""}",
There are many bold faces titles in the artical to show which each one is about.,"{""conclusions"": [], ""design_improvements"": [], ""validity_improvements"": [], ""valid_conclusion"": false, ""design_count"": 0, ""validity_count"": 0}",0,1,"{""score"": 0, ""reasoning"": ""The student response does not accurately describe the organization of the article. It only mentions the presence of bold-faced titles without explaining how they relate to the organization of the article or providing any relevant details from the text.""}",
He put it in year order. he put a title above each section.,"{""conclusions"": [], ""design_improvements"": [], ""validity_improvements"": [], ""valid_conclusion"": false, ""design_count"": 0, ""validity_count"": 0}",1,1,"{""score"": 1, ""reasoning"": ""The student response partially fulfills the requirements of the task. The organization strategy is vaguely expressed as 'year order', which is not entirely accurate. The mention of 'a title above each section' is a relevant detail, but it lacks specificity and clear connection to the identified organization. The response demonstrates a limited understanding of the passage structure.""}",
"After the introduction, the author starts by describing what this 'Space Junk' is by talking from when the first satellite was launched to the supposedly hundreds of little junk satellites scattered around orbit. 'Crash Course' explains a story about a crash in space that left debris in space and that these accidents can happen at any time in space. The last part talks about how this debris is dangerous despite its size.","{""conclusions"": [], ""design_improvements"": [], ""validity_improvements"": [], ""valid_conclusion"": false, ""design_count"": 0, ""validity_count"": 0}",1,2,"{""score"": 1, ""reasoning"": ""The student response provides a general overview of the article's organization, but lacks specific details and clear connections to the identified organization strategy.""}",
"The Author oraganizes this artices very well. He starts out by telling us what space junk really is and how it works.Next, He would tell us about microsatellites and how they are used. At last, he talked about tiny bits of space trash. So over all he did really well oragnizing this article.","{""conclusions"": [], ""design_improvements"": [], ""validity_improvements"": [], ""valid_conclusion"": false, ""design_count"": 0, ""validity_count"": 0}",0,2,"{""score"": 0, ""reasoning"": ""The student's response does not accurately describe the organization of the article, lacking specific details and a clear understanding of the passage structure.""}",
"The article is organized in a flowing manner. It starts by giving a point, goes through the body by describing what the narrator means by it, and ends in a call to action.","{""conclusions"": [], ""design_improvements"": [], ""validity_improvements"": [], ""valid_conclusion"": false, ""design_count"": 0, ""validity_count"": 0}",1,0,"{""score"": 1, ""reasoning"": ""The student response attempts to describe the organization of the article but lacks specific details and a clear understanding of the passage structure, thus scoring 1 as it is partially proficient.""}",
The author organizes the article by first stateing what space junk is then gentally flows in to how it is a potentailly dangerous hazard for other space explorations and how this matter needs to be taken seriously.,"{""conclusions"": [], ""design_improvements"": [], ""validity_improvements"": [], ""valid_conclusion"": false, ""design_count"": 0, ""validity_count"": 0}",1,1,"{""score"": 1, ""reasoning"": ""The student response partially fulfills the requirements of the task, as it attempts to describe the organization of the article but lacks specific details and clear connections to the passage structure.""}",
"When people think of space they don't think about all the junk that is in it. when we look up into space we dont see all the junk that is in it either, but what we don't see is a problem. When they try to tell us that there is junk in space most people don't believe it and all the stuff falls down to Earth, nut most of it don't. I think it's sad that there is a mess in space a place that should be untouched.","{""conclusions"": [], ""design_improvements"": [], ""validity_improvements"": [], ""valid_conclusion"": false, ""design_count"": 0, ""validity_count"": 0}",0,0,"{""score"": 0, ""reasoning"": ""The student's response does not address the prompt about the organization of the article and lacks relevant details to support an organization strategy.""}",
They tell us that we should look though a telescope and look thought it. There is 33442 satellite the size of a baseball anything goes smaller. This makes it difficult for spacecraft to steer clear of microdebris fields.,"{""conclusions"": [], ""design_improvements"": [], ""validity_improvements"": [], ""valid_conclusion"": false, ""design_count"": 0, ""validity_count"": 0}",0,0,"{""score"": 0, ""reasoning"": ""The student's response does not accurately describe the organization of the article and lacks relevant, specific details to support the claim.""}",
"The author organizes the article from information of the past of space junk to information of the present and how dangerous it can be. For example, it starts off in the first part stating, 'Over the past 52 years... Earth's atmosphere.' This shows the variety and past of spacecraft. The next part helps to better explain how dangerous satellites may become because of the risk they have of running into one another. This part leads into the present. Then, finally it shows that how serious space debris is by statating, 'Those bits of space debris present a very serious problem.' The way the article is wrote is to show the effects of space activity.","{""conclusions"": [], ""design_improvements"": [], ""validity_improvements"": [], ""valid_conclusion"": false, ""design_count"": 0, ""validity_count"": 0}",1,1,"{""score"": 1, ""reasoning"": ""The student response partially fulfills the requirements of the task, as it attempts to identify the organization strategy of the article but lacks specific and clear connections to the passage structure.""}",
"The author organizes the article very well. The author starts with getting your attention he then gives background information on space. Next, the author tells how the debris in space becomes uncontrolled. Finally, the author says how small the debris can be and that this is a big problem.","{""conclusions"": [], ""design_improvements"": [], ""validity_improvements"": [], ""valid_conclusion"": false, ""design_count"": 0, ""validity_count"": 0}",1,1,"{""score"": 1, ""reasoning"": ""The student response partially fulfills the requirements of the task, identifying some aspects of the article's organization but lacking specific details and clear connections to the passage structure.""}",
"The author first starts out with shocking statements to get the readers attention. Then, the author gets serious with facts about how space exploration has cluttered space. After that, the author describes how satellites 'die' and crash into each other, creating microdebris. Next, the author goes to explain the how little pieces of debris, known as microdebris, can be just as harmful as big pieces of debris. And finally, the author proposes answers to the problem of cluttered space.","{""conclusions"": [], ""design_improvements"": [], ""validity_improvements"": [], ""valid_conclusion"": false, ""design_count"": 0, ""validity_count"": 0}",1,2,"{""score"": 1, ""reasoning"": ""The student response partially fulfills the requirements of the task, identifying some of the organizational strategies used by the author, but lacks specific and detailed support from the article.""}",
"The author organizes the article first with a light, engaging introduction followed by background information, further explanation of risk, and conclusive descriptions of the problems and what is being done about them.","{""conclusions"": [], ""design_improvements"": [], ""validity_improvements"": [], ""valid_conclusion"": false, ""design_count"": 0, ""validity_count"": 0}",1,1,"{""score"": 1, ""reasoning"": ""The student response provides a general overview of the article's organization, but lacks specific details and clear connections to the passage structure.""}",
"The author organizes the article in chronological order, starting with the introduction and background information, followed by the current problem, and then how the problem will most likely persist in the future.","{""conclusions"": [], ""design_improvements"": [], ""validity_improvements"": [], ""valid_conclusion"": false, ""design_count"": 0, ""validity_count"": 0}",1,0,"{""score"": 1, ""reasoning"": ""The student response attempts to identify the organization strategy of the article, stating it is in chronological order, but lacks specific details and clear connections to the passage structure, thus scoring 1 as it only partially fulfills the task requirements.""}",
The author organizes the articals by headings.,"{""conclusions"": [], ""design_improvements"": [], ""validity_improvements"": [], ""valid_conclusion"": false, ""design_count"": 0, ""validity_count"": 0}",0,1,"{""score"": 0, ""reasoning"": ""The student response does not fulfill the requirements of the task because it contains inaccurate, incomplete, missing, or unsupported information. The organization strategy may be incorrect, or no relevant text-based details are provided.""}",
The author uses subtitles to make to article different from others.,"{""conclusions"": [], ""design_improvements"": [], ""validity_improvements"": [], ""valid_conclusion"": false, ""design_count"": 0, ""validity_count"": 0}",0,1,"{""score"": 0, ""reasoning"": ""The student response does not fulfill the requirements of the task because it contains inaccurate, incomplete, missing, or unsupported information. The organization strategy may be incorrect, or no relevant text-based details are provided.""}",
He begins by telling us what 'Space Junk' is and then tells us why it is harmful and what harm it can cause. In the end he tells us how scientist are working on a way to fix the 'Space Junk' problem.,"{""conclusions"": [], ""design_improvements"": [], ""validity_improvements"": [], ""valid_conclusion"": false, ""design_count"": 0, ""validity_count"": 0}",1,1,"{""score"": 1, ""reasoning"": ""The student response provides a general overview of the article's organization, but lacks specific details and clear connections to the text.""}",
"At first the author gives a great explanation on what he or she is going to talk about. He or she starts to explain that space junk is bad for the globe. Then the author starts to explain what the space junk is. It is the human race's great space invasion of the Soviet Union and the United States satellites that have been launched in space. The next set of information explains the crash course of the satellites. If the satellites come near eash other then they will crash into each other and then our country would not be able to have that control anymore. The next information the author talks about is the tiny bits of space trash, or also called space junk, that is in space floating around.","{""conclusions"": [], ""design_improvements"": [], ""validity_improvements"": [], ""valid_conclusion"": false, ""design_count"": 0, ""validity_count"": 0}",1,2,"{""score"": 1, ""reasoning"": ""The student response attempts to describe the organization of the article, but it lacks specific details and a clear understanding of the passage structure. The response mentions the author's explanation of space junk, the crash course of satellites, and the tiny bits of space trash, but it does not provide a coherent overview of the article's organization. Therefore, the response earns a score of 1, as it partially fulfills the requirements of the task.""}",
He organizes it by what is more important to them and they go from there.,"{""conclusions"": [], ""design_improvements"": [], ""validity_improvements"": [], ""valid_conclusion"": false, ""design_count"": 0, ""validity_count"": 0}",0,0,"{""score"": 0, ""reasoning"": ""The student response does not accurately identify the organization strategy used in the article, and the explanation provided is vague and lacks specific details from the text to support the claim.""}",
"The author starts with 'What is space junk', which tells of space missions and how we 'invaded' space. Then it tells of satellites and how they can crash, then of microdebris.","{""conclusions"": [], ""design_improvements"": [], ""validity_improvements"": [], ""valid_conclusion"": false, ""design_count"": 0, ""validity_count"": 0}",1,0,"{""score"": 1, ""reasoning"": ""The student response partially fulfills the requirements of the task, as it identifies some sections of the article but lacks specific details and clear connections to the overall organization strategy.""}",
He puts it together by telling one problem after another.,"{""conclusions"": [], ""design_improvements"": [], ""validity_improvements"": [], ""valid_conclusion"": false, ""design_count"": 0, ""validity_count"": 0}",0,0,"{""score"": 0, ""reasoning"": ""The student response does not provide a clear or accurate description of the author's organization strategy, and lacks relevant, specific details from the article to support the claim.""}",
He puts it into interesting paragraphs and also puts it into interesting caterogies.,"{""conclusions"": [], ""design_improvements"": [], ""validity_improvements"": [], ""valid_conclusion"": false, ""design_count"": 0, ""validity_count"": 0}",0,1,"{""score"": 0, ""reasoning"": ""The student response does not accurately describe the organization of the article, and lacks specific details to support the claim.""}",
"The author organizes this article in an easy to understand and well planned way. The author has chosen to set it up by and seperate the paragraphs by sections, not just spacing and indenting. The author started with background information, then transitioned into information about how free floating satellites, and then concluded with statistics and information from NASA and other space agencies about how space exploration should be done in a more organized and clean way.","{""conclusions"": [], ""design_improvements"": [], ""validity_improvements"": [], ""valid_conclusion"": false, ""design_count"": 0, ""validity_count"": 0}",1,2,"{""score"": 1, ""reasoning"": ""The student response attempts to describe the organization of the article, mentioning the use of sections and the progression from background information to conclusions. However, the response lacks specific details and clear connections to the identified organization, warranting a score of 1.""}",
The authoe organizes this article in a series so titled paragraphs. The fact that each section of paragraphs tells you what thoes will be talking about. It gives you a little clue as to what you will be reading.,"{""conclusions"": [], ""design_improvements"": [], ""validity_improvements"": [], ""valid_conclusion"": false, ""design_count"": 0, ""validity_count"": 0}",1,1,"{""score"": 1, ""reasoning"": ""The student response attempts to identify the organization strategy of the article, mentioning that it is organized in a series of titled paragraphs. However, the response lacks specific details and clarity in explaining how the organization contributes to the overall structure and meaning of the article. The student notes that each section provides a clue about its content, but this observation is somewhat vague and does not fully demonstrate an understanding of the passage's organization.""}",
"He puts the article into sections, he is not just jumping around form subject to subject, he gives a title and the article or the section follows it below the title.","{""conclusions"": [], ""design_improvements"": [], ""validity_improvements"": [], ""valid_conclusion"": false, ""design_count"": 0, ""validity_count"": 0}",1,1,"{""score"": 1, ""reasoning"": ""The student response partially fulfills the requirements of the task, identifying that the author organizes the article into sections with titles, but lacks specific and detailed support from the article.""}",
The author organized it by getting your attention at the beginning by 'Grab your telescope! Look up in the sky! It's a comet! It's a meteor! It's a...tool bag?' Then the author told the reader about space junk and the risk it causes like dead satellites at the risk of colliding with each other.  Then the author lets the reader know that space junk is a big deal and people do care about it.,"{""conclusions"": [], ""design_improvements"": [], ""validity_improvements"": [], ""valid_conclusion"": false, ""design_count"": 0, ""validity_count"": 0}",1,2,"{""score"": 1, ""reasoning"": ""The student response partially fulfills the requirements of the task, identifying some organization strategies used by the author, such as grabbing the reader's attention and explaining the risks of space junk. However, the response lacks specific and detailed examples from the article to strongly support the identified organization strategy.""}",
In different paragraphs about different things.,"{""conclusions"": [], ""design_improvements"": [], ""validity_improvements"": [], ""valid_conclusion"": false, ""design_count"": 0, ""validity_count"": 0}",0,1,"{""score"": 0, ""reasoning"": ""The student's response does not fulfill the requirements of the task. The organization strategy is not accurately identified, and no relevant text-based details are provided to support the claim. The response lacks specific examples from the article to demonstrate an understanding of the passage structure.""}",
The author put the article under three main topics after the introduction. Under each topic he describes that topic with a lot of useful information.,"{""conclusions"": [], ""design_improvements"": [], ""validity_improvements"": [], ""valid_conclusion"": false, ""design_count"": 0, ""validity_count"": 0}",1,1,"{""score"": 1, ""reasoning"": ""The student response partially fulfills the requirements of the task, as it mentions the author organizing the article under three main topics, but lacks specific details and clear connections to the identified organization.""}",
The author splits the article into groups of two to four paragraphs. The author wants to make it easier to write the article and to help the audience find specific topics in the article. There is a lot of information in this article that could easily make the author lost when he or she is writing and it can make the audience lost easily as well when they are reading the article. The author also makes the organization of the article even easier when he makes the titles of the section in big and bold letters so the sections that somebody may be looking for may be easily found. I think that the article would be confusing as a reader if there were no divisions and sections in this article.,"{""conclusions"": [], ""design_improvements"": [], ""validity_improvements"": [], ""valid_conclusion"": false, ""design_count"": 0, ""validity_count"": 0}",1,1,"{""score"": 1, ""reasoning"": ""The student response partially fulfills the requirements of the task, as it attempts to describe the organization strategy of the article but lacks specific and relevant details to support the claim.""}",
"He organizes it so you better understand the issue.  If space junk and little bits, no big deal were switched you would have no idea what was being said.","{""conclusions"": [], ""design_improvements"": [], ""validity_improvements"": [], ""valid_conclusion"": false, ""design_count"": 0, ""validity_count"": 0}",0,0,"{""score"": 0, ""reasoning"": ""The student response does not fulfill the requirements of the task because it contains inaccurate, incomplete, missing, or unsupported information. The organization strategy may be incorrect, or no relevant text-based details are provided.""}",
"The author organizes the article by putting titles or what is going to be talked about above the paragraph. One example is, 'Little Bits, But a Bid Deal.' The author talks about how much people really care about the lost tool bags or the tiny bits of space trash.","{""conclusions"": [], ""design_improvements"": [], ""validity_improvements"": [], ""valid_conclusion"": false, ""design_count"": 0, ""validity_count"": 0}",1,2,"{""score"": 1, ""reasoning"": ""The student response partially fulfills the requirements of the task, as it identifies the use of titles to organize the article but lacks specific and detailed examples to support the organization strategy.""}",
By good details.,"{""conclusions"": [], ""design_improvements"": [], ""validity_improvements"": [], ""valid_conclusion"": false, ""design_count"": 0, ""validity_count"": 0}",0,0,"{""score"": 0, ""reasoning"": ""The student's response does not fulfill the requirements of the task because it contains inaccurate, incomplete, missing, or unsupported information. The organization strategy may be incorrect, or no relevant text-based details are provided.""}",
"The author organizes the article by using a catchy way to bring in the attention of the reader. Lines 1-4 illistrate this. Then the author begins to use facts and statistics to show how serious this topic was. This was the authors main goal it seemed, to show the reader 'space junk' is a serious matter.","{""conclusions"": [], ""design_improvements"": [], ""validity_improvements"": [], ""valid_conclusion"": false, ""design_count"": 0, ""validity_count"": 0}",1,1,"{""score"": 1, ""reasoning"": ""The student response attempts to address the organization of the article but lacks specific details and a clear understanding of the passage structure. The response mentions the author's use of a 'catchy way' to introduce the topic and the presentation of facts and statistics, but it does not provide a thorough analysis of the organization strategy used in the article.""}",
The author organizes this article he starts with the intoduction telling what it is about and then he gives a background on space junk and early space explorations. The writer then proceeds to tell about how space juk becomes space junk and then goes on to tell why it is harmful and dangerous and why we should worry about it.,"{""conclusions"": [], ""design_improvements"": [], ""validity_improvements"": [], ""valid_conclusion"": false, ""design_count"": 0, ""validity_count"": 0}",1,2,"{""score"": 1, ""reasoning"": ""The student response partially fulfills the requirements of the task, as it identifies the general structure of the article but lacks specific details and clear connections to the organization strategy.""}",
The author organizes the article by using subheadings to seperate the different main ideas that he has. In each of the subheadings the author gives a different idea and gives additional information that will give support to the idea. It gives the reader different categories that related information will fall under.,"{""conclusions"": [], ""design_improvements"": [], ""validity_improvements"": [], ""valid_conclusion"": false, ""design_count"": 0, ""validity_count"": 0}",1,1,"{""score"": 1, ""reasoning"": ""The student response identifies the use of subheadings as an organizational strategy and notes that each subheading presents a different idea with supporting information. However, the response lacks specific details from the article to strongly support the identified organization, and the explanation of how the subheadings contribute to the overall organization of the article is somewhat vague.""}",
"The author organizes the article by informing us of the dangers of space junk.  The author gives us details the hazards.  They briefly inform us of the history and provide us with a real-life example.  The author states, 'the amount of space trash is actually increasing because commercial space travel is on the rise' (paragraph 11).  This proves how dangerous space junk is.","{""conclusions"": [], ""design_improvements"": [], ""validity_improvements"": [], ""valid_conclusion"": false, ""design_count"": 0, ""validity_count"": 0}",1,1,"{""score"": 1, ""reasoning"": ""The student response partially fulfills the requirements of the task, as it attempts to identify the organization strategy but lacks specific and relevant details to support the claim.""}",
"He organizes it by what happened to the satellite during the colision, what was going on before it happened, and what will happen now after the colision.","{""conclusions"": [], ""design_improvements"": [], ""validity_improvements"": [], ""valid_conclusion"": false, ""design_count"": 0, ""validity_count"": 0}",0,0,"{""score"": 0, ""reasoning"": ""The student response does not accurately describe the organization of the article. It mentions a collision, but the article is organized into sections that introduce the topic of space junk, explain what it is, describe the problems it causes, and discuss the challenges of addressing the issue. The student's response lacks specific details from the article to support their claim.""}",
The author breaks down the information in to multiple sections. It says what each section is about and sets the tone.,"{""conclusions"": [], ""design_improvements"": [], ""validity_improvements"": [], ""valid_conclusion"": false, ""design_count"": 0, ""validity_count"": 0}",1,1,"{""score"": 1, ""reasoning"": ""The student response acknowledges that the author breaks down the information into multiple sections and recognizes the purpose of each section, but it lacks specific details from the article to support the organization strategy.""}",
"How he organize the article was really good. He did it like that to catch our attention, and how he worded it.","{""conclusions"": [], ""design_improvements"": [], ""validity_improvements"": [], ""valid_conclusion"": false, ""design_count"": 0, ""validity_count"": 0}",0,0,"{""score"": 0, ""reasoning"": ""The student's response does not fulfill the requirements of the task because it contains inaccurate, incomplete, missing, or unsupported information. The organization strategy is not clearly identified, and no relevant text-based details are provided to support the claim.""}",
"He uses sub headings such as 'What Is Space Junk', and 'Crash Course'.","{""conclusions"": [], ""design_improvements"": [], ""validity_improvements"": [], ""valid_conclusion"": false, ""design_count"": 0, ""validity_count"": 0}",1,2,"{""score"": 1, ""reasoning"": ""The student response partially fulfills the requirements of the task by mentioning the use of subheadings, but it lacks specific details and a clear explanation of how the author organizes the article.""}",
They state alot of facts.,"{""conclusions"": [], ""design_improvements"": [], ""validity_improvements"": [], ""valid_conclusion"": false, ""design_count"": 0, ""validity_count"": 0}",0,0,"{""score"": 0, ""reasoning"": ""The student response does not fulfill the requirements of the task because it contains incomplete and unsupported information. The response lacks a clear identification of the organization strategy and relevant text-based details to support the claim.""}",
The author organize the article by using headings that tell what the section will be about. Like the heading 'Crash Course' that tells you that this section will be about something that is crashing into something.,"{""conclusions"": [], ""design_improvements"": [], ""validity_improvements"": [], ""valid_conclusion"": false, ""design_count"": 0, ""validity_count"": 0}",1,2,"{""score"": 1, ""reasoning"": ""The student response partially fulfills the requirements of the task, as it mentions the use of headings to organize the article, but lacks specific and relevant details to support this claim.""}",
"The auhtor organizes this article in chronilogical order. First comes discovery of such junk in space. Then comes the explaination of why stuff is in space. After that, comes the resaon why such junk is created. Then, The article explains how a little piece of junkcan do alot of damage. Last but not least, they give information on what NASA and the European Space Agency plans to do with the junk in space.","{""conclusions"": [], ""design_improvements"": [], ""validity_improvements"": [], ""valid_conclusion"": false, ""design_count"": 0, ""validity_count"": 0}",1,1,"{""score"": 1, ""reasoning"": ""The student response attempts to identify the organization strategy of the article, but it lacks specific and relevant details to support the claim of chronological order. The response mentions the discovery of space junk, explanation of why stuff is in space, and the reason why junk is created, but it does not accurately reflect the article's structure. The article actually starts with a hook to grab the reader's attention, followed by an explanation of what space junk is, and then discusses the problems and consequences of space junk. The student response demonstrates a partial understanding of the passage structure, but it is not entirely accurate or well-supported.""}",
he organizes it by starting out with action statments to get the readers attention. then he goes in and explaing what soace junk is.as well with a few good stories.,"{""conclusions"": [], ""design_improvements"": [], ""validity_improvements"": [], ""valid_conclusion"": false, ""design_count"": 0, ""validity_count"": 0}",1,0,"{""score"": 1, ""reasoning"": ""The student response partially fulfills the requirements of the task, as it attempts to describe the organization strategy but lacks specific and relevant details from the article.""}",
"The author organizes the article into three different sections. The first one is to explain what space junk really is, because some readers might not understand the concept of it. 'Crash Course,' shows why space junk is important. The author used many details like the collision between a Russian and an American satellite in February 2009, to show that this is a serious problem.The next section titled, 'Little Bits, But a Big Deal,' explains that small or large fragments floating uncontrollably in Earth's orbit is a serious issue. Space junk should not be considered a minor matter.","{""conclusions"": [], ""design_improvements"": [], ""validity_improvements"": [], ""valid_conclusion"": false, ""design_count"": 0, ""validity_count"": 0}",1,2,"{""score"": 1, ""reasoning"": ""The student response identifies the three main sections of the article and provides some relevant details to support the organization strategy. However, the explanation of the organization is somewhat vague and lacks clear connections between the sections. The response demonstrates a partial understanding of the passage structure, but could be improved with more specific and detailed analysis.""}",
The author organizes the article in a way that helps readers get the main idea and important aspects of each topic on a simple level.,"{""conclusions"": [], ""design_improvements"": [], ""validity_improvements"": [], ""valid_conclusion"": false, ""design_count"": 0, ""validity_count"": 0}",0,1,"{""score"": 0, ""reasoning"": ""The student response does not fulfill the requirements of the task because it contains inaccurate, incomplete, missing, or unsupported information. The organization strategy may be incorrect, or no relevant text-based details are provided.""}",
The author organizes the article by separting each topic into sections and giving them a title. This makes it easier to find information from the article and easier to read.,"{""conclusions"": [], ""design_improvements"": [], ""validity_improvements"": [], ""valid_conclusion"": false, ""design_count"": 0, ""validity_count"": 0}",1,1,"{""score"": 1, ""reasoning"": ""The student response partially fulfills the requirements of the task by identifying that the author organizes the article into sections with titles, but it lacks specific details from the article to support this claim and does not fully explain how this organization strategy contributes to the overall structure and understanding of the passage.""}",
"He organized it really surpeirior well. The Cool things he did in this subject story, was that he orgainzed with amazing statistics and other great facts about how much danger can space junk be.","{""conclusions"": [], ""design_improvements"": [], ""validity_improvements"": [], ""valid_conclusion"": false, ""design_count"": 0, ""validity_count"": 0}",0,0,"{""score"": 0, ""reasoning"": ""The student response does not accurately describe the organization of the article, and lacks specific details to support the claim.""}",
The author organizes the article with tittles for sections and details all organised together.,"{""conclusions"": [], ""design_improvements"": [], ""validity_improvements"": [], ""valid_conclusion"": false, ""design_count"": 0, ""validity_count"": 0}",0,1,"{""score"": 0, ""reasoning"": ""The student response does not accurately describe the organization of the article, and lacks specific details to support the claim.""}",
"The authors organization of the paper is into clearly labeled, pertinant sections. Each section relates to the main idea, which is that there is waste orbiting in space. The section labeled 'What Is Space Junk?' describes where all the garbage orbiting the planet has come from. 'Crash Course' describes the collisions of satelites in space and also a funny incident including an astronaut. The final section talks about the size of the objects orbiting earth does not matter because the speed is what causes the most damage.","{""conclusions"": [], ""design_improvements"": [], ""validity_improvements"": [], ""valid_conclusion"": false, ""design_count"": 0, ""validity_count"": 0}",1,2,"{""score"": 1, ""reasoning"": ""The student response identifies the main idea and sections of the article, but the explanation of the organization strategy is vague and lacks specific details. The response mentions the sections, but does not fully explain how they relate to each other or the main idea, and the supporting details are somewhat general.""}",
"The authorstarts off the article by saying what space junk is. Then he goes into how it all began and how some satillites will collide into each other some time, causing big collisions. At the end the author supports how this is a big deal and that we need to start preventing these dangers.","{""conclusions"": [], ""design_improvements"": [], ""validity_improvements"": [], ""valid_conclusion"": false, ""design_count"": 0, ""validity_count"": 0}",1,2,"{""score"": 1, ""reasoning"": ""The student response attempts to describe the organization of the article, but it lacks specific details and a clear understanding of the passage structure. The response mentions the introduction of space junk, the history of space exploration, and the consequences of space debris, but it does not provide a coherent overview of the article's organization.""}",
The author organizes this article by usingbuilding the argument layout.,"{""conclusions"": [], ""design_improvements"": [], ""validity_improvements"": [], ""valid_conclusion"": false, ""design_count"": 0, ""validity_count"": 0}",0,0,"{""score"": 0, ""reasoning"": ""The student response does not fulfill the requirements of the task because it contains inaccurate, incomplete, missing, or unsupported information. The organization strategy may be incorrect, or no relevant text-based details are provided.""}",
He puts a title over every paragraph he puts something else. Like in Space Junk he talks about how space junk got up there.,"{""conclusions"": [], ""design_improvements"": [], ""validity_improvements"": [], ""valid_conclusion"": false, ""design_count"": 0, ""validity_count"": 0}",0,1,"{""score"": 0, ""reasoning"": ""The student's response does not accurately describe the organization of the article, and lacks relevant, specific details to support the claim.""}",
"The author starts with an easy-going introduction that gets the readers attention. The author then goes on to tell the reader what kinds of space junk there is; what is really orbiting in space. Next, the author explains to the reader how the satellites crash and debris is formed. The author concludes with telling us that although people care about space debris and it causes many problems, the problem is only getting worse. The way that the author organizes the article is that he or she starts with minimal importance to their words. As the article goes on, the words become more important.","{""conclusions"": [], ""design_improvements"": [], ""validity_improvements"": [], ""valid_conclusion"": false, ""design_count"": 0, ""validity_count"": 0}",1,1,"{""score"": 1, ""reasoning"": ""The student response partially fulfills the requirements of the task, as it attempts to describe the organization of the article but lacks specific and relevant details to support the claim.""}",
The author organizes it by naming each of the articles a different name. It makes it more easlier to find the certain article.,"{""conclusions"": [], ""design_improvements"": [], ""validity_improvements"": [], ""valid_conclusion"": false, ""design_count"": 0, ""validity_count"": 0}",0,1,"{""score"": 0, ""reasoning"": ""The student response does not accurately describe the organization of the article. The response mentions that the author organizes the article by naming each section a different name, but this is not a clear or accurate description of the organization strategy. The response lacks relevant and specific details to support the claim, and it does not demonstrate a clear understanding of the passage structure.""}",
He starts out informational then gets more deep into his true topic of conversation about the space junk.,"{""conclusions"": [], ""design_improvements"": [], ""validity_improvements"": [], ""valid_conclusion"": false, ""design_count"": 0, ""validity_count"": 0}",1,0,"{""score"": 1, ""reasoning"": ""The student response partially fulfills the requirements of the task, as it attempts to describe the organization of the article but lacks specific details and clear connections to the passage structure.""}",
"The author organizes the article by using headings or topics , for he or she has a lot of different information throughout the article. The author wants the information to be organized in a way that the reader can understand it. He or she has made it so that it's easier to go from one topic of information to the next.","{""conclusions"": [], ""design_improvements"": [], ""validity_improvements"": [], ""valid_conclusion"": false, ""design_count"": 0, ""validity_count"": 0}",1,1,"{""score"": 1, ""reasoning"": ""The student response attempts to address the organization of the article but lacks specific details and clear connections to the identified organization strategy.""}",
"The author organizes the article by making the first body parragraph 'What Is Space Junk?' in that paragraph he explains the meaning of space junk. In the Second body paragraph he explains how collisions of the satallites make and become space junk. In the last paragrapgh he titled it 'Little Bits, But a Big Deal' meaning that even the little pieces of space junk can be a big deal. The pieces are so little but yet so powerful.","{""conclusions"": [], ""design_improvements"": [], ""validity_improvements"": [], ""valid_conclusion"": false, ""design_count"": 0, ""validity_count"": 0}",1,2,"{""score"": 1, ""reasoning"": ""The student response partially fulfills the requirements of the task, as it identifies some of the organization strategies used in the article, but lacks specific and clear connections to the identified organization.""}",
He gradually gets more in depth of what space junk can do no matter what the size.,"{""conclusions"": [], ""design_improvements"": [], ""validity_improvements"": [], ""valid_conclusion"": false, ""design_count"": 0, ""validity_count"": 0}",0,0,"{""score"": 0, ""reasoning"": ""The student's response does not accurately describe the organization of the article. It only mentions that the author gradually gets more in-depth about what space junk can do, but it does not provide any specific details about the structure or organization of the article.""}",
"First it explains about the topic 'Space Junk,' then provides evidence that convinces the reader that its dangerous, and then explains the importance of it.","{""conclusions"": [], ""design_improvements"": [], ""validity_improvements"": [], ""valid_conclusion"": false, ""design_count"": 0, ""validity_count"": 0}",1,1,"{""score"": 1, ""reasoning"": ""The student response attempts to identify the organization strategy of the article, mentioning that it first explains the topic, then provides evidence of the danger, and finally explains the importance. However, the response lacks specific details from the article to support this claim and does not clearly demonstrate an understanding of the passage structure. The organization strategy is vaguely expressed and not strongly supported, which aligns with a Score 1 (Partially Proficient) according to the rubric.""}",
Scientists are hard-pressed for an easy solution to the problem of space junk.Both the National Aeronautics and Space Agency (NASA) and the European Space Agency.,"{""conclusions"": [], ""design_improvements"": [], ""validity_improvements"": [], ""valid_conclusion"": false, ""design_count"": 0, ""validity_count"": 0}",0,0,"{""score"": 0, ""reasoning"": ""The student response does not address the prompt, which asks how the author organizes the article. The response appears to be a quote from the passage, but it does not provide any information about the organization of the article.""}",
The author organizes the article by using different titles.  By doing this he made it easier for the reader to understand.,"{""conclusions"": [], ""design_improvements"": [], ""validity_improvements"": [], ""valid_conclusion"": false, ""design_count"": 0, ""validity_count"": 0}",1,1,"{""score"": 1, ""reasoning"": ""The student response partially fulfills the requirements of the task, as it mentions the use of different titles as an organization strategy, but lacks specific and relevant details to support this claim.""}",
"The autor starts out with an attetion getter to make the reader want to read it. Then he goes into a sort of chronological order. He starts with what space junk is, 'What Is Space Junk,' how it is made, 'Crash Course,' and then why is can be dangerous, 'Little Bits, But a Big Deal.' No one would know what space junk is if the author just started with why it was dangerous.","{""conclusions"": [], ""design_improvements"": [], ""validity_improvements"": [], ""valid_conclusion"": false, ""design_count"": 0, ""validity_count"": 0}",1,1,"{""score"": 1, ""reasoning"": ""The student response attempts to identify the organization strategy of the article, mentioning the use of an attention getter and a chronological order. However, the explanation is vague and lacks specific details to fully support the claim. The response demonstrates some understanding of the passage structure, but it is not clear or thorough enough to warrant a score of 2.""}",
"The author organizes this article by, he tells details about everything. He talks about how the space junk is hurting Earth.     He talks about the past, and life experiences.     How this all started out by that austronaunt that lost a tool bag in space when fixing something, and how it damaged the Earth. How little tiny things can damage the Earth.     How those two satellites had a collusion, and 491 miles per hour. Causing everything to get destroyed.","{""conclusions"": [], ""design_improvements"": [], ""validity_improvements"": [], ""valid_conclusion"": false, ""design_count"": 0, ""validity_count"": 0}",0,1,"{""score"": 0, ""reasoning"": ""The student's response does not accurately describe the organization of the article, and the supporting details are incomplete and loosely connected to the organization.""}",
He explains every topic in a different section. He begins with Space Junk which tells about junk and satellites. He then explains other topic like Crash Course and other little things that fly in the air.,"{""conclusions"": [], ""design_improvements"": [], ""validity_improvements"": [], ""valid_conclusion"": false, ""design_count"": 0, ""validity_count"": 0}",1,2,"{""score"": 1, ""reasoning"": ""The student response attempts to describe the organization of the article, mentioning that the author explains every topic in a different section. However, the response lacks specific details and clarity in explaining the organization strategy. The student mentions section names like 'Space Junk' and 'Crash Course' but does not provide a clear understanding of how these sections contribute to the overall organization of the article. The response demonstrates a partial understanding of the passage structure but lacks strong support and specific examples to fully explain the organization.""}",
the author tells about space junk floating around are satellites. the author is mostly concerned about the satellites.,"{""conclusions"": [], ""design_improvements"": [], ""validity_improvements"": [], ""valid_conclusion"": false, ""design_count"": 0, ""validity_count"": 0}",0,1,"{""score"": 0, ""reasoning"": ""The student response does not accurately describe the organization of the article. It lacks specific details and a clear understanding of the passage structure, failing to meet the requirements of the task.""}",
"The author organizes the article by putting things in order by the title.  At first the tells us what the orbiting junk is, then explains a little about how it can cause a crash, and then how we need to get these out of space. The is how the author organizes this article.","{""conclusions"": [], ""design_improvements"": [], ""validity_improvements"": [], ""valid_conclusion"": false, ""design_count"": 0, ""validity_count"": 0}",1,2,"{""score"": 1, ""reasoning"": ""The student response attempts to identify the organization strategy of the article, but it lacks specific and relevant details to support the claim. The response mentions that the author organizes the article by title and explains the content in a general order, but it does not provide clear connections to the passage structure.""}",
"The author starts off the paragraph that is designed to catch the readers attention from the beginning and keep them interested. The supporting paragraphs to the article help explain the harmful effects of space debris and the purpose to the whole article, and the conclusion again just simply explains the purpose of the article in a different type of writing.","{""conclusions"": [], ""design_improvements"": [], ""validity_improvements"": [], ""valid_conclusion"": false, ""design_count"": 0, ""validity_count"": 0}",1,0,"{""score"": 1, ""reasoning"": ""The student response attempts to describe the organization of the article, but it lacks specific details and a clear understanding of the passage structure. The response mentions that the author starts with a paragraph to catch the reader's attention, but it does not accurately identify the organization strategy or provide relevant text-based details to support the claim.""}",
"How the author organizes the article is he puts different information into a different catergory. For example, the category 'Crash Course' is a section that talks about satellites crashing into one another.","{""conclusions"": [], ""design_improvements"": [], ""validity_improvements"": [], ""valid_conclusion"": false, ""design_count"": 0, ""validity_count"": 0}",1,2,"{""score"": 1, ""reasoning"": ""The student response attempts to identify the organization strategy of the article but lacks specific and relevant details to support the claim. The response mentions that the author puts different information into different categories, but it only provides one example and does not fully explain how the article is organized.""}",
The author uses heading in alazised bold font seperate from the original reading that explain what the following words mean.,"{""conclusions"": [], ""design_improvements"": [], ""validity_improvements"": [], ""valid_conclusion"": false, ""design_count"": 0, ""validity_count"": 0}",0,1,"{""score"": 0, ""reasoning"": ""The student response does not accurately describe the organization of the article. The response mentions the use of headings in bold font, but this is not a clear or accurate description of the article's organization. The response lacks specific details and examples from the article to support the claim.""}",
"The author definitely gets our attention with the gripping introduction, but after that, he starts telling us the history of space junk. When he is done telling us about the history, he then begins to tell us facts and statistics about the revelations that scientists and astronauts have concluded throughout the years.","{""conclusions"": [], ""design_improvements"": [], ""validity_improvements"": [], ""valid_conclusion"": false, ""design_count"": 0, ""validity_count"": 0}",1,1,"{""score"": 1, ""reasoning"": ""The student response partially fulfills the requirements of the task, as it mentions the introduction and the history of space junk, but lacks specific details and a clear explanation of the organization strategy.""}",
He separates them into different sub headings.,"{""conclusions"": [], ""design_improvements"": [], ""validity_improvements"": [], ""valid_conclusion"": false, ""design_count"": 0, ""validity_count"": 0}",1,1,"{""score"": 1, ""reasoning"": ""The student response lacks specific details to support the organization strategy, but it does mention the use of subheadings, which is a relevant aspect of the article's organization.""}",
The author organizes the passage by sections. the sections are very detailed and get their piont acrossed.,"{""conclusions"": [], ""design_improvements"": [], ""validity_improvements"": [], ""valid_conclusion"": false, ""design_count"": 0, ""validity_count"": 0}",0,1,"{""score"": 0, ""reasoning"": ""The student response does not provide a clear or accurate description of the organization strategy used in the article. The response lacks specific details and examples from the text to support the claim, and the explanation is vague and incomplete.""}",
The author orginizes the article by using headings for each part.,"{""conclusions"": [], ""design_improvements"": [], ""validity_improvements"": [], ""valid_conclusion"": false, ""design_count"": 0, ""validity_count"": 0}",1,1,"{""score"": 1, ""reasoning"": ""The student response identifies the use of headings as an organizational strategy, but it lacks specific details and examples from the article to support this claim, and does not demonstrate a clear understanding of the passage structure beyond this basic observation.""}",
The author organizes the article by first using an introduction to get the reader's attention and to introduce the topic that will be discussed. He then has paragraphs explaining what space junk is and a history of space junk. The author uses his next few paragraphs to tell about a real life story that occurred due to this topic. This story occurred in Februaru 2009 when two communication satellites crashed creating more debris. He does this to show the reader that this truly does have a large impact. His next paragraph is used to compare space junk to objects in real life which will help the reader understand better. The author then explains what people are doing to overcome this challenge such as adding walls to spacecrafts. The last paragraph is the conclusion which is used to sum up what was said and to state that space agencies hope to come up with a sollution.,"{""conclusions"": [], ""design_improvements"": [], ""validity_improvements"": [], ""valid_conclusion"": false, ""design_count"": 0, ""validity_count"": 0}",2,2,"{""score"": 2, ""reasoning"": ""The student response accurately describes the organization of the article, including the introduction, explanation of space junk, real-life story, comparison, and conclusion. The response demonstrates a clear understanding of the passage structure and provides relevant, specific details to support the identified organization.""}",
"Obviously, it is convenient to read under the four headings presented within this article. He begins with an exciting introduction to his topic before establishing his thesis about the dangers of 'space junk.' He then goes on to describe the history of the world's journey into the galaxy and touch on the unpredicted ramifications of such an adventure. Toward the end, the author focuses on the modern problems created by space exploration and how it is imperative for them to be solved before considering future risks of more exploration.","{""conclusions"": [], ""design_improvements"": [], ""validity_improvements"": [], ""valid_conclusion"": false, ""design_count"": 0, ""validity_count"": 0}",1,2,"{""score"": 1, ""reasoning"": ""The student response provides a general overview of the article's organization, but lacks specific details and clear connections to the identified organization strategy.""}",
"he states that at one point the orbital pathway was once clear ,but due to spaced exploration it has become cluttered.Then the author points out who discovered space junk.Finally he concludes his story by telling the real danger and serios problems of space junk effecting our planet,futurespace explorations, and even NASA itself.","{""conclusions"": [], ""design_improvements"": [], ""validity_improvements"": [], ""valid_conclusion"": false, ""design_count"": 0, ""validity_count"": 0}",1,2,"{""score"": 1, ""reasoning"": ""The student response attempts to describe the organization of the article, but it lacks specific details and a clear understanding of the passage structure. The response mentions that the author discusses the cluttering of orbital pathways, the discovery of space junk, and the dangers of space junk, but it does not provide a clear explanation of how the author organizes the article.""}",
He has the intro to the article. Then he talks about what space junk is and how it can be dangerous. Then in the next section it talks about how the satellites can crash into each other. And how a tool bag fell out of an Space Station.      He also talks about how space debris is a bad problem and how we have a lot of it. The space trash is increasing.,"{""conclusions"": [], ""design_improvements"": [], ""validity_improvements"": [], ""valid_conclusion"": false, ""design_count"": 0, ""validity_count"": 0}",1,1,"{""score"": 1, ""reasoning"": ""The student response partially fulfills the requirements of the task, identifying some of the main sections of the article and their content, but lacks specific details and clear connections to the organization strategy.""}",
The author organizes this article by stating the problem of space junk and giving extra sets of information about each thing before the author leaves you with conclusion at the very end.,"{""conclusions"": [], ""design_improvements"": [], ""validity_improvements"": [], ""valid_conclusion"": false, ""design_count"": 0, ""validity_count"": 0}",1,1,"{""score"": 1, ""reasoning"": ""The student response attempts to identify the organization strategy of the article but lacks specific details and clarity. The response mentions that the author states the problem and provides extra information before concluding, but it does not accurately or fully describe the organization structure of the article.""}",
The author organizes this article by separting each paragraph into different topics.,"{""conclusions"": [], ""design_improvements"": [], ""validity_improvements"": [], ""valid_conclusion"": false, ""design_count"": 0, ""validity_count"": 0}",1,1,"{""score"": 1, ""reasoning"": ""The student response lacks specific details to support the organization strategy, but it attempts to identify the separation of topics in each paragraph.""}",
"The author has organized this article in a cause and effect type of organization. The author gives an effect, and then follows it with its cause. Then the whole part of the statement is supported with details to make it an informative article.","{""conclusions"": [], ""design_improvements"": [], ""validity_improvements"": [], ""valid_conclusion"": false, ""design_count"": 0, ""validity_count"": 0}",1,0,"{""score"": 1, ""reasoning"": ""The student response partially fulfills the requirements of the task, as it identifies the organization strategy as cause and effect, but lacks specific and relevant details from the article to support this claim.""}",
"The author organizes the article by introducing the topic and describing what it is.  Then, the author describes the problems that the ddebris has caused and what people are trying to do to fix it.","{""conclusions"": [], ""design_improvements"": [], ""validity_improvements"": [], ""valid_conclusion"": false, ""design_count"": 0, ""validity_count"": 0}",1,1,"{""score"": 1, ""reasoning"": ""The student response partially fulfills the requirements of the task, as it correctly identifies the introduction and description of the problem, but lacks specific details and a clear understanding of the passage structure.""}",
The author organize the article by titles. He does it this way to tell the reader what heis going to be talking about. He uses dates to signify when the debris and satellites were put into space.,"{""conclusions"": [], ""design_improvements"": [], ""validity_improvements"": [], ""valid_conclusion"": false, ""design_count"": 0, ""validity_count"": 0}",1,1,"{""score"": 1, ""reasoning"": ""The student response attempts to identify the organization strategy of the article, mentioning the use of titles and dates, but it lacks specific and relevant details to fully support the claim, thus scoring 1 as it is partially proficient.""}",
"In this story to organize things, they sorted all the stuff out that they needed to put together, so it isn't all in random places and so it all makes sense, and none of it is out of wack.","{""conclusions"": [], ""design_improvements"": [], ""validity_improvements"": [], ""valid_conclusion"": false, ""design_count"": 0, ""validity_count"": 0}",0,0,"{""score"": 0, ""reasoning"": ""The student's response does not accurately describe the organization of the article, lacking specific details and a clear understanding of the passage structure.""}",
The author uses forshadowing in the second paragraph of the article to emphisize how a little tool box is actualy a big problem. It is well organized by what happens to objects taken up into space.,"{""conclusions"": [], ""design_improvements"": [], ""validity_improvements"": [], ""valid_conclusion"": false, ""design_count"": 0, ""validity_count"": 0}",0,0,"{""score"": 0, ""reasoning"": ""The student response does not accurately describe the organization of the article. The response mentions 'forshadowing' which is not relevant to the organization of the article, and the explanation of the organization is vague and incomplete.""}",
"The author organizes it so that they talk about what space junk is first and then what happens if it is left alone. They also tell a brief history of space exploration first and gets into more recent times. At the end, they talk about how space junk is becoming more of a problem.","{""conclusions"": [], ""design_improvements"": [], ""validity_improvements"": [], ""valid_conclusion"": false, ""design_count"": 0, ""validity_count"": 0}",1,1,"{""score"": 1, ""reasoning"": ""The student response partially fulfills the requirements of the task, as it identifies the general organization strategy of the article but lacks specific and detailed support from the text.""}",
"He organizes it by first getting the reader's attention by using shocking statements in the introduction. Then the author tells the readers about what spack junk is exactly and how it becomes space junk. Then the author tells about because of so many 'dead' satellites they can crash into each other cause they are freely orbiting the earth. Then he or she states that even though after crashes in space and all the little pieces of the satelillets can still harm the earth, because of how much speed is being increased.","{""conclusions"": [], ""design_improvements"": [], ""validity_improvements"": [], ""valid_conclusion"": false, ""design_count"": 0, ""validity_count"": 0}",1,2,"{""score"": 1, ""reasoning"": ""The student response partially fulfills the requirements of the task, identifying some aspects of the article's organization, such as getting the reader's attention and explaining what space junk is, but lacks specific and clear connections to the passage structure.""}",
he went by what happend first,"{""conclusions"": [], ""design_improvements"": [], ""validity_improvements"": [], ""valid_conclusion"": false, ""design_count"": 0, ""validity_count"": 0}",0,0,"{""score"": 0, ""reasoning"": ""The student's response does not fulfill the requirements of the task because it contains inaccurate, incomplete, missing, or unsupported information. The organization strategy may be incorrect, or no relevant text-based details are provided.""}",
"The Author Organizes the Articles by first saying what a space junk is. The united states followed suit and thats when the human race begun. The objects themselves, however are positioned hundreds of miles above earth.The second thing he talks about is cash course where dead stellites run the risk of coliding with eacht other like in february 2009. Not only spectacular crashes that create debris. He continues to the section Little bits ,but a big deal were it gets really serious.when a tiny fragment traveling at a speed of five miles per second can inflict serious damage on the most carefully designed spacecraft. The amount of trash increasing has taken over","{""conclusions"": [], ""design_improvements"": [], ""validity_improvements"": [], ""valid_conclusion"": false, ""design_count"": 0, ""validity_count"": 0}",1,1,"{""score"": 1, ""reasoning"": ""The student response attempts to identify the organization strategy of the article, but it lacks clarity and specific details. The response mentions different sections of the article, such as 'what a space junk is' and 'cash course,' but it does not clearly explain how these sections contribute to the overall organization of the article. Additionally, the response contains some inaccuracies and simplistic statements, which further reduces its proficiency.""}",
"The author makes everything build upon each other. first, the aurthor grabbed the readers attention. second, the author got more serious and showed people actually care about space junk. then, the author ended the article by give statistics and statements that make the reader notice the severity of space junk.","{""conclusions"": [], ""design_improvements"": [], ""validity_improvements"": [], ""valid_conclusion"": false, ""design_count"": 0, ""validity_count"": 0}",1,2,"{""score"": 1, ""reasoning"": ""The student response attempts to describe the organization of the article, but it lacks specific details and a clear understanding of the passage structure. The response mentions that the author 'grabbed the readers attention' and 'got more serious,' but it does not provide relevant text-based evidence to support this claim. Therefore, the response partially fulfills the requirements of the task, earning a score of 1.""}",
"The author uses an 'attention-getter' at the beggining of the article to draw readers in.  He then changes his tone to that of a more formal one.  Underneath the title 'What Is Space Junk,' he familiarizes you with what exactly space junk is.  Next, he uses 'Crash Course' to desribe the possible dangers of space junk in outter space.  Lastly, he emphasizes the seriousness of the problems space junk can cause.","{""conclusions"": [], ""design_improvements"": [], ""validity_improvements"": [], ""valid_conclusion"": false, ""design_count"": 0, ""validity_count"": 0}",1,2,"{""score"": 1, ""reasoning"": ""The student response partially fulfills the requirements of the task, as it identifies some organization strategies used by the author, such as the use of an attention-getter and a change in tone. However, the response lacks specific and relevant details to fully support the identified organization, and it does not demonstrate a clear understanding of the passage structure.""}",
the author organizes the article where you can easily find the information needed.,"{""conclusions"": [], ""design_improvements"": [], ""validity_improvements"": [], ""valid_conclusion"": false, ""design_count"": 0, ""validity_count"": 0}",0,0,"{""score"": 0, ""reasoning"": ""The student response does not fulfill the requirements of the task because it contains inaccurate, incomplete, missing, or unsupported information. The organization strategy may be incorrect, or no relevant text-based details are provided.""}",
I think the story is organized in a informational kind of way. At the begining the author starts off with an insteresting facts and throughout it it just tells about information.,"{""conclusions"": [], ""design_improvements"": [], ""validity_improvements"": [], ""valid_conclusion"": false, ""design_count"": 0, ""validity_count"": 0}",0,0,"{""score"": 0, ""reasoning"": ""The student's response does not accurately identify the organization strategy of the article, and the supporting details are too general and vague. The response lacks specific examples from the text to support the claim, and the explanation of the organization is incomplete and simplistic.""}",
it explains how the outerspace is from beggining to end,"{""conclusions"": [], ""design_improvements"": [], ""validity_improvements"": [], ""valid_conclusion"": false, ""design_count"": 0, ""validity_count"": 0}",0,0,"{""score"": 0, ""reasoning"": ""The student's response does not accurately describe the organization of the article, and lacks relevant, specific details to support the claim.""}",
He put it in ways that people could understand. He made it in different sections so people wouldn't get confused.,"{""conclusions"": [], ""design_improvements"": [], ""validity_improvements"": [], ""valid_conclusion"": false, ""design_count"": 0, ""validity_count"": 0}",0,1,"{""score"": 0, ""reasoning"": ""The student's response does not accurately describe the organization of the article, and lacks specific details to support the claim.""}",
the author organizes it into sections.,"{""conclusions"": [], ""design_improvements"": [], ""validity_improvements"": [], ""valid_conclusion"": false, ""design_count"": 0, ""validity_count"": 0}",0,1,"{""score"": 0, ""reasoning"": ""The student response does not fulfill the requirements of the task because it contains inaccurate, incomplete, missing, or unsupported information. The organization strategy may be incorrect, or no relevant text-based details are provided.""}",
The author organizes the article by splitting it up into sub-sections and having the title of each section give the reader a idea of what the paragraph is about.,"{""conclusions"": [], ""design_improvements"": [], ""validity_improvements"": [], ""valid_conclusion"": false, ""design_count"": 0, ""validity_count"": 0}",1,1,"{""score"": 1, ""reasoning"": ""The student response partially fulfills the requirements of the task, as it mentions the author organizing the article by splitting it into sub-sections, but lacks specific details and clear connections to the identified organization.""}",
